<annotation>
	<folder>my-project-name</folder>
	<filename>00008.jpg</filename>
	<path>/my-project-name/00008.jpg</path>
	<source>
		<database>Unspecified</database>
	</source>
	<size>
		<width>639</width>
		<height>480</height>
		<depth>3</depth>
	</size>
	<object>
		<name>Car</name>
		<pose>Unspecified</pose>
		<truncated>0</truncated>
		<difficult>0</difficult>
		<bndbox>
			<xmin>72</xmin>
			<ymin>78</ymin>
			<xmax>597</xmax>
			<ymax>409</ymax>
		</bndbox>
	</object>
	<object>
		<name>Car</name>
		<pose>Unspecified</pose>
		<truncated>0</truncated>
		<difficult>0</difficult>
		<bndbox>
			<xmin>449</xmin>
			<ymin>100</ymin>
			<xmax>639</xmax>
			<ymax>294</ymax>
		</bndbox>
	</object>
</annotation>