<annotation>
	<folder>my-project-name</folder>
	<filename>03358.jpg</filename>
	<path>/my-project-name/03358.jpg</path>
	<source>
		<database>Unspecified</database>
	</source>
	<size>
		<width>590</width>
		<height>395</height>
		<depth>3</depth>
	</size>
	<object>
		<name>Car</name>
		<pose>Unspecified</pose>
		<truncated>0</truncated>
		<difficult>0</difficult>
		<bndbox>
			<xmin>5</xmin>
			<ymin>157</ymin>
			<xmax>464</xmax>
			<ymax>355</ymax>
		</bndbox>
	</object>
	<object>
		<name>Car</name>
		<pose>Unspecified</pose>
		<truncated>0</truncated>
		<difficult>0</difficult>
		<bndbox>
			<xmin>377</xmin>
			<ymin>141</ymin>
			<xmax>578</xmax>
			<ymax>220</ymax>
		</bndbox>
	</object>
</annotation>