<annotation>
	<folder>my-project-name</folder>
	<filename>03387.jpg</filename>
	<path>/my-project-name/03387.jpg</path>
	<source>
		<database>Unspecified</database>
	</source>
	<size>
		<width>259</width>
		<height>194</height>
		<depth>3</depth>
	</size>
	<object>
		<name>Car</name>
		<pose>Unspecified</pose>
		<truncated>0</truncated>
		<difficult>0</difficult>
		<bndbox>
			<xmin>27</xmin>
			<ymin>57</ymin>
			<xmax>229</xmax>
			<ymax>142</ymax>
		</bndbox>
	</object>
	<object>
		<name>Car</name>
		<pose>Unspecified</pose>
		<truncated>0</truncated>
		<difficult>0</difficult>
		<bndbox>
			<xmin>215</xmin>
			<ymin>48</ymin>
			<xmax>256</xmax>
			<ymax>84</ymax>
		</bndbox>
	</object>
	<object>
		<name>Car</name>
		<pose>Unspecified</pose>
		<truncated>0</truncated>
		<difficult>0</difficult>
		<bndbox>
			<xmin>173</xmin>
			<ymin>50</ymin>
			<xmax>215</xmax>
			<ymax>79</ymax>
		</bndbox>
	</object>
</annotation>