<annotation>
	<folder>my-project-name</folder>
	<filename>03459.jpg</filename>
	<path>/my-project-name/03459.jpg</path>
	<source>
		<database>Unspecified</database>
	</source>
	<size>
		<width>616</width>
		<height>306</height>
		<depth>3</depth>
	</size>
	<object>
		<name>Car</name>
		<pose>Unspecified</pose>
		<truncated>0</truncated>
		<difficult>0</difficult>
		<bndbox>
			<xmin>28</xmin>
			<ymin>97</ymin>
			<xmax>611</xmax>
			<ymax>300</ymax>
		</bndbox>
	</object>
	<object>
		<name>Car</name>
		<pose>Unspecified</pose>
		<truncated>0</truncated>
		<difficult>0</difficult>
		<bndbox>
			<xmin>414</xmin>
			<ymin>87</ymin>
			<xmax>533</xmax>
			<ymax>156</ymax>
		</bndbox>
	</object>
	<object>
		<name>Car</name>
		<pose>Unspecified</pose>
		<truncated>0</truncated>
		<difficult>0</difficult>
		<bndbox>
			<xmin>560</xmin>
			<ymin>85</ymin>
			<xmax>616</xmax>
			<ymax>159</ymax>
		</bndbox>
	</object>
	<object>
		<name>Car</name>
		<pose>Unspecified</pose>
		<truncated>0</truncated>
		<difficult>0</difficult>
		<bndbox>
			<xmin>325</xmin>
			<ymin>65</ymin>
			<xmax>452</xmax>
			<ymax>144</ymax>
		</bndbox>
	</object>
</annotation>