<annotation>
	<folder>my-project-name</folder>
	<filename>04078.jpg</filename>
	<path>/my-project-name/04078.jpg</path>
	<source>
		<database>Unspecified</database>
	</source>
	<size>
		<width>3072</width>
		<height>2304</height>
		<depth>3</depth>
	</size>
	<object>
		<name>Car</name>
		<pose>Unspecified</pose>
		<truncated>0</truncated>
		<difficult>0</difficult>
		<bndbox>
			<xmin>438</xmin>
			<ymin>737</ymin>
			<xmax>2799</xmax>
			<ymax>1988</ymax>
		</bndbox>
	</object>
	<object>
		<name>Car</name>
		<pose>Unspecified</pose>
		<truncated>0</truncated>
		<difficult>0</difficult>
		<bndbox>
			<xmin>2405</xmin>
			<ymin>599</ymin>
			<xmax>2858</xmax>
			<ymax>826</ymax>
		</bndbox>
	</object>
	<object>
		<name>Car</name>
		<pose>Unspecified</pose>
		<truncated>0</truncated>
		<difficult>0</difficult>
		<bndbox>
			<xmin>1946</xmin>
			<ymin>658</ymin>
			<xmax>2564</xmax>
			<ymax>815</ymax>
		</bndbox>
	</object>
</annotation>