<annotation>
	<folder>my-project-name</folder>
	<filename>04114.jpg</filename>
	<path>/my-project-name/04114.jpg</path>
	<source>
		<database>Unspecified</database>
	</source>
	<size>
		<width>2824</width>
		<height>2017</height>
		<depth>3</depth>
	</size>
	<object>
		<name>Car</name>
		<pose>Unspecified</pose>
		<truncated>0</truncated>
		<difficult>0</difficult>
		<bndbox>
			<xmin>92</xmin>
			<ymin>966</ymin>
			<xmax>1320</xmax>
			<ymax>1776</ymax>
		</bndbox>
	</object>
	<object>
		<name>Car</name>
		<pose>Unspecified</pose>
		<truncated>0</truncated>
		<difficult>0</difficult>
		<bndbox>
			<xmin>947</xmin>
			<ymin>1001</ymin>
			<xmax>2054</xmax>
			<ymax>1545</ymax>
		</bndbox>
	</object>
	<object>
		<name>Car</name>
		<pose>Unspecified</pose>
		<truncated>0</truncated>
		<difficult>0</difficult>
		<bndbox>
			<xmin>1528</xmin>
			<ymin>1013</ymin>
			<xmax>2340</xmax>
			<ymax>1427</ymax>
		</bndbox>
	</object>
	<object>
		<name>Car</name>
		<pose>Unspecified</pose>
		<truncated>0</truncated>
		<difficult>0</difficult>
		<bndbox>
			<xmin>1948</xmin>
			<ymin>1023</ymin>
			<xmax>2510</xmax>
			<ymax>1372</ymax>
		</bndbox>
	</object>
	<object>
		<name>Car</name>
		<pose>Unspecified</pose>
		<truncated>0</truncated>
		<difficult>0</difficult>
		<bndbox>
			<xmin>2158</xmin>
			<ymin>1039</ymin>
			<xmax>2633</xmax>
			<ymax>1344</ymax>
		</bndbox>
	</object>
	<object>
		<name>Car</name>
		<pose>Unspecified</pose>
		<truncated>0</truncated>
		<difficult>0</difficult>
		<bndbox>
			<xmin>2395</xmin>
			<ymin>1053</ymin>
			<xmax>2744</xmax>
			<ymax>1292</ymax>
		</bndbox>
	</object>
</annotation>