<annotation>
	<folder>my-project-name</folder>
	<filename>08144.jpg</filename>
	<path>/my-project-name/08144.jpg</path>
	<source>
		<database>Unspecified</database>
	</source>
	<size>
		<width>883</width>
		<height>683</height>
		<depth>3</depth>
	</size>
	<object>
		<name>Car</name>
		<pose>Unspecified</pose>
		<truncated>0</truncated>
		<difficult>0</difficult>
		<bndbox>
			<xmin>17</xmin>
			<ymin>241</ymin>
			<xmax>867</xmax>
			<ymax>670</ymax>
		</bndbox>
	</object>
	<object>
		<name>Car</name>
		<pose>Unspecified</pose>
		<truncated>0</truncated>
		<difficult>0</difficult>
		<bndbox>
			<xmin>129</xmin>
			<ymin>8</ymin>
			<xmax>395</xmax>
			<ymax>227</ymax>
		</bndbox>
	</object>
	<object>
		<name>Car</name>
		<pose>Unspecified</pose>
		<truncated>0</truncated>
		<difficult>0</difficult>
		<bndbox>
			<xmin>425</xmin>
			<ymin>46</ymin>
			<xmax>700</xmax>
			<ymax>239</ymax>
		</bndbox>
	</object>
</annotation>