<annotation>
	<folder>my-project-name</folder>
	<filename>2425TQE8R4KS.jpg</filename>
	<path>/my-project-name/2425TQE8R4KS.jpg</path>
	<source>
		<database>Unspecified</database>
	</source>
	<size>
		<width>640</width>
		<height>372</height>
		<depth>3</depth>
	</size>
	<object>
		<name>Bus</name>
		<pose>Unspecified</pose>
		<truncated>0</truncated>
		<difficult>0</difficult>
		<bndbox>
			<xmin>167</xmin>
			<ymin>70</ymin>
			<xmax>535</xmax>
			<ymax>311</ymax>
		</bndbox>
	</object>
</annotation>