<annotation>
	<folder>my-project-name</folder>
	<filename>44NGR12LYB7W.jpg</filename>
	<path>/my-project-name/44NGR12LYB7W.jpg</path>
	<source>
		<database>Unspecified</database>
	</source>
	<size>
		<width>380</width>
		<height>250</height>
		<depth>3</depth>
	</size>
	<object>
		<name>Bus</name>
		<pose>Unspecified</pose>
		<truncated>0</truncated>
		<difficult>0</difficult>
		<bndbox>
			<xmin>26</xmin>
			<ymin>18</ymin>
			<xmax>369</xmax>
			<ymax>239</ymax>
		</bndbox>
	</object>
</annotation>