<annotation>
	<folder>my-project-name</folder>
	<filename>4FWK760E72ZJ.jpg</filename>
	<path>/my-project-name/4FWK760E72ZJ.jpg</path>
	<source>
		<database>Unspecified</database>
	</source>
	<size>
		<width>640</width>
		<height>480</height>
		<depth>3</depth>
	</size>
	<object>
		<name>Bus</name>
		<pose>Unspecified</pose>
		<truncated>0</truncated>
		<difficult>0</difficult>
		<bndbox>
			<xmin>70</xmin>
			<ymin>90</ymin>
			<xmax>595</xmax>
			<ymax>422</ymax>
		</bndbox>
	</object>
</annotation>