<annotation>
	<folder>my-project-name</folder>
	<filename>4VRL5BWELMLU.jpg</filename>
	<path>/my-project-name/4VRL5BWELMLU.jpg</path>
	<source>
		<database>Unspecified</database>
	</source>
	<size>
		<width>640</width>
		<height>360</height>
		<depth>3</depth>
	</size>
	<object>
		<name>Bus</name>
		<pose>Unspecified</pose>
		<truncated>0</truncated>
		<difficult>0</difficult>
		<bndbox>
			<xmin>130</xmin>
			<ymin>6</ymin>
			<xmax>481</xmax>
			<ymax>316</ymax>
		</bndbox>
	</object>
</annotation>