<annotation>
	<folder>my-project-name</folder>
	<filename>70EC9H2K1JMI.jpg</filename>
	<path>/my-project-name/70EC9H2K1JMI.jpg</path>
	<source>
		<database>Unspecified</database>
	</source>
	<size>
		<width>640</width>
		<height>336</height>
		<depth>3</depth>
	</size>
	<object>
		<name>Bus</name>
		<pose>Unspecified</pose>
		<truncated>0</truncated>
		<difficult>0</difficult>
		<bndbox>
			<xmin>57</xmin>
			<ymin>61</ymin>
			<xmax>571</xmax>
			<ymax>293</ymax>
		</bndbox>
	</object>
</annotation>