<annotation>
	<folder>my-project-name</folder>
	<filename>BQ57A6JVFO7Z.jpg</filename>
	<path>/my-project-name/BQ57A6JVFO7Z.jpg</path>
	<source>
		<database>Unspecified</database>
	</source>
	<size>
		<width>640</width>
		<height>271</height>
		<depth>3</depth>
	</size>
	<object>
		<name>Bus</name>
		<pose>Unspecified</pose>
		<truncated>0</truncated>
		<difficult>0</difficult>
		<bndbox>
			<xmin>218</xmin>
			<ymin>20</ymin>
			<xmax>616</xmax>
			<ymax>253</ymax>
		</bndbox>
	</object>
</annotation>