<annotation>
	<folder>my-project-name</folder>
	<filename>EUZVUKTVDMST.jpg</filename>
	<path>/my-project-name/EUZVUKTVDMST.jpg</path>
	<source>
		<database>Unspecified</database>
	</source>
	<size>
		<width>640</width>
		<height>356</height>
		<depth>3</depth>
	</size>
	<object>
		<name>Bus</name>
		<pose>Unspecified</pose>
		<truncated>0</truncated>
		<difficult>0</difficult>
		<bndbox>
			<xmin>25</xmin>
			<ymin>118</ymin>
			<xmax>273</xmax>
			<ymax>321</ymax>
		</bndbox>
	</object>
	<object>
		<name>Bus</name>
		<pose>Unspecified</pose>
		<truncated>0</truncated>
		<difficult>0</difficult>
		<bndbox>
			<xmin>267</xmin>
			<ymin>133</ymin>
			<xmax>449</xmax>
			<ymax>319</ymax>
		</bndbox>
	</object>
	<object>
		<name>Bus</name>
		<pose>Unspecified</pose>
		<truncated>0</truncated>
		<difficult>0</difficult>
		<bndbox>
			<xmin>448</xmin>
			<ymin>147</ymin>
			<xmax>636</xmax>
			<ymax>309</ymax>
		</bndbox>
	</object>
</annotation>