<annotation>
	<folder>my-project-name</folder>
	<filename>H4YUJKPHFCDE.jpg</filename>
	<path>/my-project-name/H4YUJKPHFCDE.jpg</path>
	<source>
		<database>Unspecified</database>
	</source>
	<size>
		<width>640</width>
		<height>426</height>
		<depth>3</depth>
	</size>
	<object>
		<name>Bus</name>
		<pose>Unspecified</pose>
		<truncated>0</truncated>
		<difficult>0</difficult>
		<bndbox>
			<xmin>78</xmin>
			<ymin>130</ymin>
			<xmax>526</xmax>
			<ymax>363</ymax>
		</bndbox>
	</object>
</annotation>