<annotation>
	<folder>my-project-name</folder>
	<filename>JF112TWGYJHO.jpg</filename>
	<path>/my-project-name/JF112TWGYJHO.jpg</path>
	<source>
		<database>Unspecified</database>
	</source>
	<size>
		<width>560</width>
		<height>400</height>
		<depth>3</depth>
	</size>
	<object>
		<name>Bus</name>
		<pose>Unspecified</pose>
		<truncated>0</truncated>
		<difficult>0</difficult>
		<bndbox>
			<xmin>110</xmin>
			<ymin>23</ymin>
			<xmax>521</xmax>
			<ymax>369</ymax>
		</bndbox>
	</object>
</annotation>