<annotation>
	<folder>my-project-name</folder>
	<filename>JKOBZHJBP6E2.jpg</filename>
	<path>/my-project-name/JKOBZHJBP6E2.jpg</path>
	<source>
		<database>Unspecified</database>
	</source>
	<size>
		<width>640</width>
		<height>426</height>
		<depth>3</depth>
	</size>
	<object>
		<name>Bus</name>
		<pose>Unspecified</pose>
		<truncated>0</truncated>
		<difficult>0</difficult>
		<bndbox>
			<xmin>31</xmin>
			<ymin>31</ymin>
			<xmax>590</xmax>
			<ymax>372</ymax>
		</bndbox>
	</object>
</annotation>