<annotation>
	<folder>my-project-name</folder>
	<filename>LTOFPKQ4OCCO.jpg</filename>
	<path>/my-project-name/LTOFPKQ4OCCO.jpg</path>
	<source>
		<database>Unspecified</database>
	</source>
	<size>
		<width>640</width>
		<height>320</height>
		<depth>3</depth>
	</size>
	<object>
		<name>Bus</name>
		<pose>Unspecified</pose>
		<truncated>0</truncated>
		<difficult>0</difficult>
		<bndbox>
			<xmin>181</xmin>
			<ymin>66</ymin>
			<xmax>557</xmax>
			<ymax>304</ymax>
		</bndbox>
	</object>
</annotation>