<annotation>
	<folder>my-project-name</folder>
	<filename>NCJ5RAKUECCF.jpg</filename>
	<path>/my-project-name/NCJ5RAKUECCF.jpg</path>
	<source>
		<database>Unspecified</database>
	</source>
	<size>
		<width>640</width>
		<height>416</height>
		<depth>3</depth>
	</size>
	<object>
		<name>Bus</name>
		<pose>Unspecified</pose>
		<truncated>0</truncated>
		<difficult>0</difficult>
		<bndbox>
			<xmin>11</xmin>
			<ymin>12</ymin>
			<xmax>316</xmax>
			<ymax>190</ymax>
		</bndbox>
	</object>
	<object>
		<name>Bus</name>
		<pose>Unspecified</pose>
		<truncated>0</truncated>
		<difficult>0</difficult>
		<bndbox>
			<xmin>346</xmin>
			<ymin>11</ymin>
			<xmax>626</xmax>
			<ymax>187</ymax>
		</bndbox>
	</object>
	<object>
		<name>Bus</name>
		<pose>Unspecified</pose>
		<truncated>0</truncated>
		<difficult>0</difficult>
		<bndbox>
			<xmin>12</xmin>
			<ymin>213</ymin>
			<xmax>315</xmax>
			<ymax>400</ymax>
		</bndbox>
	</object>
	<object>
		<name>Bus</name>
		<pose>Unspecified</pose>
		<truncated>0</truncated>
		<difficult>0</difficult>
		<bndbox>
			<xmin>348</xmin>
			<ymin>213</ymin>
			<xmax>633</xmax>
			<ymax>392</ymax>
		</bndbox>
	</object>
</annotation>