<annotation>
	<folder>my-project-name</folder>
	<filename>OP5MUDNFFCFD.jpg</filename>
	<path>/my-project-name/OP5MUDNFFCFD.jpg</path>
	<source>
		<database>Unspecified</database>
	</source>
	<size>
		<width>500</width>
		<height>281</height>
		<depth>3</depth>
	</size>
	<object>
		<name>Bus</name>
		<pose>Unspecified</pose>
		<truncated>0</truncated>
		<difficult>0</difficult>
		<bndbox>
			<xmin>125</xmin>
			<ymin>32</ymin>
			<xmax>359</xmax>
			<ymax>259</ymax>
		</bndbox>
	</object>
</annotation>