<annotation>
	<folder>my-project-name</folder>
	<filename>S40ZNMMJIOQC.jpg</filename>
	<path>/my-project-name/S40ZNMMJIOQC.jpg</path>
	<source>
		<database>Unspecified</database>
	</source>
	<size>
		<width>480</width>
		<height>320</height>
		<depth>3</depth>
	</size>
	<object>
		<name>Bus</name>
		<pose>Unspecified</pose>
		<truncated>0</truncated>
		<difficult>0</difficult>
		<bndbox>
			<xmin>41</xmin>
			<ymin>52</ymin>
			<xmax>430</xmax>
			<ymax>302</ymax>
		</bndbox>
	</object>
</annotation>