<annotation>
	<folder>my-project-name</folder>
	<filename>U8QHJH3RUK3E.jpg</filename>
	<path>/my-project-name/U8QHJH3RUK3E.jpg</path>
	<source>
		<database>Unspecified</database>
	</source>
	<size>
		<width>640</width>
		<height>423</height>
		<depth>3</depth>
	</size>
	<object>
		<name>Bus</name>
		<pose>Unspecified</pose>
		<truncated>0</truncated>
		<difficult>0</difficult>
		<bndbox>
			<xmin>91</xmin>
			<ymin>144</ymin>
			<xmax>443</xmax>
			<ymax>364</ymax>
		</bndbox>
	</object>
	<object>
		<name>Bus</name>
		<pose>Unspecified</pose>
		<truncated>0</truncated>
		<difficult>0</difficult>
		<bndbox>
			<xmin>2</xmin>
			<ymin>245</ymin>
			<xmax>101</xmax>
			<ymax>315</ymax>
		</bndbox>
	</object>
</annotation>