<annotation>
	<folder>my-project-name</folder>
	<filename>W8LFJHAQWXLM.jpg</filename>
	<path>/my-project-name/W8LFJHAQWXLM.jpg</path>
	<source>
		<database>Unspecified</database>
	</source>
	<size>
		<width>640</width>
		<height>166</height>
		<depth>3</depth>
	</size>
	<object>
		<name>Bus</name>
		<pose>Unspecified</pose>
		<truncated>0</truncated>
		<difficult>0</difficult>
		<bndbox>
			<xmin>11</xmin>
			<ymin>14</ymin>
			<xmax>302</xmax>
			<ymax>148</ymax>
		</bndbox>
	</object>
	<object>
		<name>Bus</name>
		<pose>Unspecified</pose>
		<truncated>0</truncated>
		<difficult>0</difficult>
		<bndbox>
			<xmin>308</xmin>
			<ymin>2</ymin>
			<xmax>621</xmax>
			<ymax>159</ymax>
		</bndbox>
	</object>
</annotation>