<annotation>
	<folder>my-project-name</folder>
	<filename>ZM5E3E7JK0B0.jpg</filename>
	<path>/my-project-name/ZM5E3E7JK0B0.jpg</path>
	<source>
		<database>Unspecified</database>
	</source>
	<size>
		<width>640</width>
		<height>360</height>
		<depth>3</depth>
	</size>
	<object>
		<name>Bus</name>
		<pose>Unspecified</pose>
		<truncated>0</truncated>
		<difficult>0</difficult>
		<bndbox>
			<xmin>75</xmin>
			<ymin>37</ymin>
			<xmax>607</xmax>
			<ymax>326</ymax>
		</bndbox>
	</object>
	<object>
		<name>Bus</name>
		<pose>Unspecified</pose>
		<truncated>0</truncated>
		<difficult>0</difficult>
		<bndbox>
			<xmin>8</xmin>
			<ymin>150</ymin>
			<xmax>78</xmax>
			<ymax>189</ymax>
		</bndbox>
	</object>
</annotation>